Product Name,Filename,Category,Old Meta Title,Meta Title (SEO),Old Meta Description,Meta Description (SEO),Meta Keywords,Description,Features,Applications,Specs Table,Detailed Specs
Distilled Soya Fatty Acid Oil,distilled-soya-fatty-acid-oil.htm,Oleo Chemicals,Distilled Soya Fatty Acid Oil Manufacturer India | Santosh Polymers,Distilled Soya Fatty Acid Oil Supplier | Santosh Polymers,"Leading distilled soya fatty acid oil manufacturer in Kurukshetra, Haryana. High-purity Distilled Soya Fatty Acid Oil for paints, rubber, and industrial coat...",Looking for high-quality Distilled Soya Fatty Acid Oil? Santosh Polymers is a leading manufacturer & supplier in India. Enquire today for bulk pricing & specs!,"Distilled Soya Fatty Acid Oil, Distilled Soya Fatty Acid Oil manufacturer, Distilled Soya Fatty Acid Oil supplier, buy Distilled Soya Fatty Acid Oil in bulk, Distilled Soya Fatty Acid Oil price India, Santosh Polymers, Haryana, Kurukshetra, Ladwa","Distilled Soya Fatty Acid is a high-unsaturated fatty acid derived from soybean oil, rich in linoleic and oleic acids, offering excellent drying properties in coatings.","Excellent drying properties due to high iodine value.
Low titer value remaining liquid at low temperatures.
Light color and outstanding color stability.
High purity and low unsaponifiable content.
High iodine value (120-135) for fast air-drying performance in coatings.","Production of air-drying alkyd resins for paints and varnishes, printing inks, liquid soaps, and chemical intermediates.","Business Type: Manufacturer, Supplier, Trader
Form: Oil
Color: Yellow
Purity: 99%","Feature: Safe To Use
Shelf Life: 1 Yr
Country of Origin: India
Type: Fatty Acid Oil
Material: Soya
Application: Manufacturing Paints, Varnishes, Coatings, Plastic And Rubber Chemicals, Resins"
Distilled Rice Fatty Acid,distilled-rice-fatty-acid.htm,Oleo Chemicals,Distilled Rice Fatty Acid Manufacturer India | Santosh Polymers,Distilled Rice Fatty Acid Manufacturer | Santosh Polymers,"Leading distilled rice fatty acid manufacturer in Kurukshetra, Haryana. High-purity Distilled Rice Fatty Acid for paints, rubber, and industrial coatings. In...",Looking for high-quality Distilled Rice Fatty Acid? Santosh Polymers is a leading manufacturer & supplier in India. Enquire today for bulk pricing & specs!,"Distilled Rice Fatty Acid, Distilled Rice Fatty Acid manufacturer, Distilled Rice Fatty Acid supplier, buy Distilled Rice Fatty Acid in bulk, Distilled Rice Fatty Acid price India, Santosh Polymers, Haryana, Kurukshetra, Ladwa","Distilled Rice Fatty Acid is derived from rice bran oil through splitting and vacuum distillation, containing a balanced mix of oleic, linoleic, and palmitic acids.","High emollient quality and skin-friendly fat profile.
Rich source of unsaturated fatty acids (oleic and linoleic).
Highly cost-effective organic feedstock for resins and chemical processing.
Consistent distillation profile with low odor.
Rich in unsaturated fatty acids for high solubility and reactivity.","Soap manufacturing, alkyd resins for paints, rubber compounding, and industrial emulsifier production.","Business Type: Manufacturer, Supplier, Trader
Type: Fatty Acid
Material: Rice
Packaging Type: Bottle","Application: Used In Cosmetics And Skincare Products.
Benefits: Moisturizing And Conditioning Properties.
Odor: Neutral
Form: Liquid
Storage: Store In A Cool, Dry Place Away From Direct Sunlight.
Shelf Life: 2 Years"
Soya Acid Oil,soya-acid-oil.htm,Oleo Chemicals,Soya Acid Oil Manufacturer & Supplier India | Santosh Polymers,Soya Acid Oil Manufacturer & Supplier | Santosh Polymers,"Leading soya acid oil manufacturer in Kurukshetra, Haryana. High-purity Soya Acid Oil for paints, rubber, and industrial coatings. Inquire for bulk pricing.",Looking for high-quality Soya Acid Oil? Santosh Polymers is a leading manufacturer & supplier in India. Enquire today for bulk pricing & specs!,"Soya Acid Oil, Soya Acid Oil manufacturer, Soya Acid Oil supplier, buy Soya Acid Oil in bulk, Soya Acid Oil price India, Santosh Polymers, Haryana, Kurukshetra, Ladwa","Soya Acid Oil is a cost-effective, high-fatty-acid oil obtained from chemical refining of soybean oil, widely used as an energy supplement in animal diets.","High free fatty acids content (70%+).
Cost-effective energy source for agricultural feed.
Rich in linoleic acid, an essential omega-6 fatty acid.
Rich in free fatty acids (FFA > 70%) and unsaturated fats.","Animal and poultry feed fat additive, laundry soap manufacturing, raw material for biodiesel, and industrial lubricants.","Business Type: Manufacturer, Supplier, Trader
Packaging Type: Plastic Container
Physical State: Liquid
Country of Origin: India","Application: Industrial
Color: Brown"
Oleic Fatty Acid,oleic-fatty-acid.htm,Oleo Chemicals,Oleic Fatty Acid Manufacturer & Supplier India | Santosh Polymers,Oleic Fatty Acid Manufacturer & Supplier | Santosh Polymers,"Leading oleic fatty acid manufacturer India in Kurukshetra, Haryana. High-purity Oleic Fatty Acid for paints, rubber, and industrial coatings. Inquire for bu...",Looking for high-quality Oleic Fatty Acid? Santosh Polymers is a leading manufacturer & supplier in India. Enquire today for bulk pricing & specs!,"Oleic Fatty Acid, Oleic Fatty Acid manufacturer, Oleic Fatty Acid supplier, buy Oleic Fatty Acid in bulk, Oleic Fatty Acid price India, Santosh Polymers, Haryana, Kurukshetra, Ladwa","Refined Oleic Fatty Acid is a high-purity mono-unsaturated fatty acid, boasting low titer, excellent color stability, and superior lubricating qualities.","High oleic content (70%+), ensuring optimal performance.
Low titer value, keeping the chemical liquid at lower temperatures.
Excellent lubricating, wetting, and emulsifying properties.
Free from sediment, moisture, and unsaponifiable impurities.
High mono-unsaturated fatty acid content (oleic acid > 70%).","Metalworking lubricants, drilling fluids, textile finishing, paint driers, liquid soaps, and PVC stabilizers.","Business Type: Manufacturer, Supplier, Trader
Brand Name: Santosh
Application: Cosmetics,Pharmaceuticals,Coatings
Purity: 99%","Packaging Type: 90/190 Kgs HDPE Barrels
Country of Origin: India
Grade: Sanoleic
Form: Liquid
Type: Vegetable Based
Color: Light Yellow
Acid Value: 200
Iodine Value: 90-110
Saponification Value: 200-202
Material: Oleic Acid
Port: Mundra
Payment Terms: Other
Delivery Time: Immediate"
Poultry Feed Oil,poultry-feed-oil.htm,Oleo Chemicals,Poultry Feed Oil Manufacturer & Supplier India | Santosh Polymers,Poultry Feed Oil Manufacturer & Supplier | Santosh Polymers,"Leading poultry feed oil manufacturer India in Kurukshetra, Haryana. High-purity Poultry Feed Oil for paints, rubber, and industrial coatings. Inquire for bu...",Looking for high-quality Poultry Feed Oil? Santosh Polymers is a leading manufacturer & supplier in India. Enquire today for bulk pricing & specs!,"Poultry Feed Oil, Poultry Feed Oil manufacturer, Poultry Feed Oil supplier, buy Poultry Feed Oil in bulk, Poultry Feed Oil price India, Santosh Polymers, Haryana, Kurukshetra, Ladwa","High-energy feed-grade lipid oil rich in essential fatty acids, processed specifically for optimal digestibility in poultry animal diets.","Highly digestible energy source for growing birds.
Balanced fatty acid profile, promoting animal health.
Improves feed conversion ratio (FCR) and daily gain.
Reduces dust in feed mills during compounding.
Highly digestible lipid profile for young chicks.","Energy additive in broiler and layer feeds, poultry nutrition formulations, and aquaculture feeds.","Business Type: Manufacturer, Supplier, Trader
Type: Oil
Color: Yellow
Packaging Type: Plastic Bottle","Usage: Additive For Poultry Feed
Shelf Life: 6-12 Months
Storage: Cool And Dry Place
Purity: 99 %"
Food Additive Sorbitan Monooleate,food-additive-sorbitan-monooleate.htm,Oleo Chemicals,Food Additive Sorbitan Monooleate Manufacturer India | Santosh Polymers,Food Additive Sorbitan Monooleate | Santosh Polymers,"Leading sorbitan monooleate food additive in Kurukshetra, Haryana. High-purity Food Additive Sorbitan Monooleate for paints, rubber, and industrial coatings....",Looking for high-quality Food Additive Sorbitan Monooleate? Santosh Polymers is India's leading manufacturer & supplier. Enquire for bulk pricing!,"Food Additive Sorbitan Monooleate, Food Additive Sorbitan Monooleate manufacturer, Food Additive Sorbitan Monooleate supplier, buy Food Additive Sorbitan Monooleate in bulk, Food Additive Sorbitan Monooleate price India, Santosh Polymers, Haryana, Kurukshetra, Ladwa",Sorbitan Monooleate is a non-ionic surfactant and food emulsifier used to stabilize oil-in-water emulsions.,"Approved food-grade compound with high safety profile.
Outstanding emulsifying and stabilizing properties.
Easily dispersible in oils and organic solvents.
Improves texture and shelf life of emulsions.
Stabilizes complex emulsions in food, cosmetic, and drug formulations.","Food packaging, cosmetic emulsions, pharmaceutical creams, and industrial surfactant formulations.","Business Type: Manufacturer, Supplier, Trader
Type: Food Additive
Material: Sorbitan Monooleate
Color: Pale Yellow","Packaging Type: Comes In Liquid Form In Bottles Or Drums
Application: Emulsifier In Food Industry
Shelf Life: 2 Years
Storage: Store In A Cool, Dry Place Away From Direct Sunlight
Country of Origin: Varies"
PEG-400 Monooleate,peg-400-monooleate.htm,Oleo Chemicals,PEG-400 Monooleate Manufacturer India | Santosh Polymers,PEG-400 Monooleate Manufacturer | Santosh Polymers,"Leading peg-400 monooleate manufacturer India in Kurukshetra, Haryana. High-purity PEG-400 Monooleate for paints, rubber, and industrial coatings. Inquire fo...",Looking for high-quality PEG-400 Monooleate? Santosh Polymers is a leading manufacturer & supplier in India. Enquire today for bulk pricing & specs!,"PEG-400 Monooleate, PEG-400 Monooleate manufacturer, PEG-400 Monooleate supplier, buy PEG-400 Monooleate in bulk, PEG-400 Monooleate price India, Santosh Polymers, Haryana, Kurukshetra, Ladwa","Polyethylene Glycol 400 Monooleate is a hydrophilic non-ionic surfactant with excellent emulsifying, lubricating, and solubilizing properties.","Strongly hydrophilic, dispersing instantly in water.
Excellent lubrication and metal wetting properties.
Low toxicity and biodegradable compound.
Compatible with anionic and cationic surfactants.
Hydrophilic surfactant with excellent water solubility.","Emulsifier in textile lubricants, cosmetic formulations, agricultural sprays, and metalworking fluids.","Business Type: Manufacturer, Supplier, Trader
Type: Emulsifier
Material: Polyethylene Glycol
Packaging Type: Plastic Bottle","Application: Used In Cosmetics And Pharmaceuticals
Odor: Characteristic Odor
Consistency: Liquid
Purity: High Purity Grade
Storage: Store In A Cool, Dry Place Away From Direct Sunlight"
Rice Bran Lecithin,rice-bran-lecithin.htm,Oleo Chemicals,Rice Bran Lecithin Manufacturer India | Santosh Polymers,Rice Bran Lecithin Manufacturer | Santosh Polymers,"Leading rice bran lecithin manufacturer in Kurukshetra, Haryana. High-purity Rice Bran Lecithin for paints, rubber, and industrial coatings. Inquire for bulk...",Looking for high-quality Rice Bran Lecithin? Santosh Polymers is a leading manufacturer & supplier in India. Enquire today for bulk pricing & specs!,"Rice Bran Lecithin, Rice Bran Lecithin manufacturer, Rice Bran Lecithin supplier, buy Rice Bran Lecithin in bulk, Rice Bran Lecithin price India, Santosh Polymers, Haryana, Kurukshetra, Ladwa","Natural phospholipids mixture extracted from rice bran oil refining, serving as a highly effective plant-based emulsifier and release agent.","Natural emulsifier and wetting agent.
Hypoallergenic alternative to soy-based lecithin.
Rich in essential lipids and antioxidants.
Excellent release properties for cooking and baking applications.
Natural, non-GMO, and hypoallergenic plant emulsifier.","Animal feed additive, paint dispersion agent, cosmetics formulation, and industrial release agent.","Business Type: Manufacturer, Supplier, Trader
Uses: Decrease How Much Cholesterol the Body Absorbs
Extraction Method: Cold Pressed
Shelf Life: 24 Months","Form: Oil
Purity: 100%
Color: Golden brown to brown"
Liquid Soya Lecithin,liquid-soya-lecithin.htm,Oleo Chemicals,Liquid Soya Lecithin Manufacturer India | Santosh Polymers,Liquid Soya Lecithin Manufacturer | Santosh Polymers,"Leading liquid soya lecithin manufacturer in Kurukshetra, Haryana. High-purity Liquid Soya Lecithin for paints, rubber, and industrial coatings. Inquire for ...",Looking for high-quality Liquid Soya Lecithin? Santosh Polymers is a leading manufacturer & supplier in India. Enquire today for bulk pricing & specs!,"Liquid Soya Lecithin, Liquid Soya Lecithin manufacturer, Liquid Soya Lecithin supplier, buy Liquid Soya Lecithin in bulk, Liquid Soya Lecithin price India, Santosh Polymers, Haryana, Kurukshetra, Ladwa","Liquid Soya Lecithin is a natural mixture of phospholipids extracted from soybean oil refining, functioning as an exceptional emulsifier, stabilizer, and wetting agent.","Outstanding emulsifying and wetting properties.
Natural plant-based surfactant and dispersion helper.
Improves viscosity control and paint flow properties.
Rich source of essential phospholipids like phosphatidylcholine.
Exceptional emulsifying agent for oil-in-water and water-in-oil systems.","Wetting agent and pigment stabilizer in paints and printing inks, feed additive for animal nutrition, and emulsifier in cosmetics.","Business Type: Manufacturer, Supplier, Trader
Type: Liquid Lecithin
Application: Food Emulsifier
Color: Yellowish","Material: Soya
Other Substances: Triglycerides, Fatty Acids, Carbohydrates
Packaging: Bottle
Main Components: 17.5%,15%,1%,10%"
Bypass Fat 84%,bypass-fat-84.htm,Oleo Chemicals,Bypass Fat 84% Manufacturer & Supplier India | Santosh Polymers,Bypass Fat 84% Manufacturer & Supplier | Santosh Polymers,"Leading bypass fat 84% manufacturer India in Kurukshetra, Haryana. High-purity Bypass Fat 84% for paints, rubber, and industrial coatings. Inquire for bulk p...",Looking for high-quality Bypass Fat 84%? Santosh Polymers is a leading manufacturer & supplier in India. Enquire today for bulk pricing & specs!,"Bypass Fat 84%, Bypass Fat 84% manufacturer, Bypass Fat 84% supplier, buy Bypass Fat 84% in bulk, Bypass Fat 84% price India, Santosh Polymers, Haryana, Kurukshetra, Ladwa","Bypass Fat 84% (rumen-protected fat) is a high-grade energy supplement for dairy cattle designed to bypass the rumen and digest in the abomasum, improving milk yield and animal health.","High energy density fat source with 84% crude fat content.
Bypasses the rumen safely, avoiding disruption of fiber digestion.
Significantly improves milk fat content and overall daily milk yield.
Enhances body condition score (BCS) and fertility rates in dairy cattle.
Palatable free-flowing prill form for easy mixing in feed formulations.","Nutritional energy supplement for high-yielding dairy cows, buffaloes, sheep, and goats.","Business Type: Manufacturer, Supplier
Grade Standard: Feed Grade
Packaging Type: Plastic Bag
Color: White",Form: Powder
Calcium Stearate Chemical,calcium-stearate-chemical.htm,Oleo Chemicals,Calcium Stearate Chemical Manufacturer India | Santosh Polymers,Calcium Stearate Chemical Manufacturer | Santosh Polymers,"Leading calcium stearate manufacturer India in Kurukshetra, Haryana. High-purity Calcium Stearate Chemical for paints, rubber, and industrial coatings. Inqui...",Looking for high-quality Calcium Stearate Chemical? Santosh Polymers is a leading manufacturer & supplier in India. Enquire today for bulk pricing & specs!,"Calcium Stearate Chemical, Calcium Stearate Chemical manufacturer, Calcium Stearate Chemical supplier, buy Calcium Stearate Chemical in bulk, Calcium Stearate Chemical price India, Santosh Polymers, Haryana, Kurukshetra, Ladwa","Calcium Stearate is a high-quality carboxylate of calcium, widely used as an internal lubricant, dusting agent, and plastic stabilizer in various industrial manufacturing processes.","Excellent water repellency and waterproofing characteristics.
Non-toxic and highly stable chemical composition.
Outstanding internal and external lubricity for polymer processing.
Improves pigment dispersion in plastics manufacturing.
Acts as an acid scavenger in polyolefins (PP/PE) processing.","Lubricant in plastics/PVC processing, anti-caking agent in pharmaceuticals, waterproofing agent in concrete construction, and release agent in rubber manufacturing.","Business Type: Manufacturer, Supplier, Trader
Country of Origin: India
Usage/Application: Industrial
Physical State: Powder","Grade Standard: Technical Grade
Color: White"
Castor Oil Fatty Acid,castor-oil-fatty-acid.htm,Oleo Chemicals,Castor Oil Fatty Acid Manufacturer India | Santosh Polymers,Castor Oil Fatty Acid Manufacturer | Santosh Polymers,"Leading castor oil fatty acid manufacturer in Kurukshetra, Haryana. High-purity Castor Oil Fatty Acid for paints, rubber, and industrial coatings. Inquire fo...",Looking for high-quality Castor Oil Fatty Acid? Santosh Polymers is a leading manufacturer & supplier in India. Enquire today for bulk pricing & specs!,"Castor Oil Fatty Acid, Castor Oil Fatty Acid manufacturer, Castor Oil Fatty Acid supplier, buy Castor Oil Fatty Acid in bulk, Castor Oil Fatty Acid price India, Santosh Polymers, Haryana, Kurukshetra, Ladwa","Castor Oil Fatty Acid (COFA) is a liquid fatty acid derived from the hydrolysis of castor oil, rich in ricinoleic acid, offering excellent solubility and lubricating characteristics.","High purity and consistent ricinoleic acid content.
Excellent surfactant and emulsifying properties.
Natural bio-based plasticizer and softener.
Outstanding heat stability and oxidation resistance.
High ricinoleic acid content for specialized chemical synthesis.","Raw material for cosmetics, alkyd resins, coatings, liquid soaps, surfactants, textile finishing agents, and metalworking lubricants.","Business Type: Manufacturer, Supplier, Trader
Country of Origin: India
Purity: 100%
Grade: Bio-Tech Grade","Application: Industrial
Form: Liquid
Packaging Details: 200 KG HDPE Barrel"
Distilled Palm Fatty Acid,distilled-palm-fatty-acid.htm,Oleo Chemicals,Distilled Palm Fatty Acid Manufacturer India | Santosh Polymers,Distilled Palm Fatty Acid Manufacturer | Santosh Polymers,"Leading distilled palm fatty acid manufacturer in Kurukshetra, Haryana. High-purity Distilled Palm Fatty Acid for paints, rubber, and industrial coatings. In...",Looking for high-quality Distilled Palm Fatty Acid? Santosh Polymers is a leading manufacturer & supplier in India. Enquire today for bulk pricing & specs!,"Distilled Palm Fatty Acid, Distilled Palm Fatty Acid manufacturer, Distilled Palm Fatty Acid supplier, buy Distilled Palm Fatty Acid in bulk, Distilled Palm Fatty Acid price India, Santosh Polymers, Haryana, Kurukshetra, Ladwa","Distilled Palm Fatty Acid (DPFA) is obtained by splitting and vacuum distilling palm oil, featuring high palmitic and oleic acid content with a solid state at room temperature.","High melting point and consistent physical state.
Excellent emollient and texturizing properties.
High purity levels with minimal unsaponifiable matters.
Ideal organic compound for soap and ester manufacturing.
High fatty acid content with consistent distillation profile.","Manufacturing of laundry soaps, cosmetic formulations, rubber processing additives, and raw material for chemical esters.","Business Type: Manufacturer, Supplier, Trader
Type: Fatty Acid
Material: Palm
Color: Yellow","Usage: Used In Soap And Detergent Manufacturing.
Odor: Neutral
Purity: High Purity
Form: Liquid
Storage: Store In A Cool, Dry Place Away From Direct Sunlight.
Shelf Life: 1-2 Years If Stored Properly."
Fatty Acid Methyl Esters,fatty-acid-methyl-esters.htm,Oleo Chemicals,Fatty Acid Methyl Esters Manufacturer India | Santosh Polymers,Fatty Acid Methyl Esters Manufacturer | Santosh Polymers,"Leading fatty acid methyl esters manufacturer in Kurukshetra, Haryana. High-purity Fatty Acid Methyl Esters for paints, rubber, and industrial coatings. Inqu...",Looking for high-quality Fatty Acid Methyl Esters? Santosh Polymers is a leading manufacturer & supplier in India. Enquire today for bulk pricing & specs!,"Fatty Acid Methyl Esters, Fatty Acid Methyl Esters manufacturer, Fatty Acid Methyl Esters supplier, buy Fatty Acid Methyl Esters in bulk, Fatty Acid Methyl Esters price India, Santosh Polymers, Haryana, Kurukshetra, Ladwa","Fatty Acid Methyl Esters (FAME) are bio-based esters derived from transesterification of vegetable oils, commonly used as biodiesel or industrial solvents.","Biodegradable, non-toxic, and environmentally safe.
Low tailpipe emissions compared to conventional diesel.
Excellent lubricating properties for engines and pumps.
High flash point for safe handling and storage.
Superior lubricity, reducing wear in mechanical systems.","Biodiesel fuel blending, green solvent in agricultural formulations, lubricant additive, and plasticizer.","Business Type: Manufacturer, Supplier, Trader
Purity: 99%
Country of Origin: India
Form: Liquid","Type: Chemical Compound
Material: Derived From Renewable Resources
Color: Pale Yellow
Packaging Type: Drums Or Containers
Application: Used As Biodiesel Fuel, Lubricants,Solvent, And In Various Chemical Processes"
Liquid Glycerin,liquid-glycerin.htm,Oleo Chemicals,Liquid Glycerin Manufacturer & Supplier India | Santosh Polymers,Liquid Glycerin Manufacturer & Supplier | Santosh Polymers,"Leading liquid glycerin manufacturer India in Kurukshetra, Haryana. High-purity Liquid Glycerin for paints, rubber, and industrial coatings. Inquire for bulk...",Looking for high-quality Liquid Glycerin? Santosh Polymers is a leading manufacturer & supplier in India. Enquire today for bulk pricing & specs!,"Liquid Glycerin, Liquid Glycerin manufacturer, Liquid Glycerin supplier, buy Liquid Glycerin in bulk, Liquid Glycerin price India, Santosh Polymers, Haryana, Kurukshetra, Ladwa","High-purity refined liquid glycerin (glycerol) is a colorless, odorless, viscous polyol compound with excellent humectant and solvent qualities.","High purity (99.5%+) and USP/IP grade standard.
Excellent humectant capacity, absorbing moisture from the air.
Sweet taste and smooth, viscous mouthfeel.
Non-irritating and completely safe for skin applications.
High purity levels (99.5% Refined Grade) meeting USP/IP standards.","Moisturizer in cosmetics, sweetener and solvent in pharmaceuticals, humectant in food formulations, and raw material for alkyd resins.","Business Type: Manufacturer, Supplier, Trader
Appearance: Colorless
Density: 1.261 Gm/cm3
Application: Humectant,Solvent,Boding Agent,Plasticizer","Physical State/Form: Liquid
Molecular Formula: C3H8O3"
Sodium Oleate,sodium-oleate.htm,Oleo Chemicals,Sodium Oleate Manufacturer & Supplier India | Santosh Polymers,Sodium Oleate Manufacturer & Supplier | Santosh Polymers,"Leading sodium oleate manufacturer India in Kurukshetra, Haryana. High-purity Sodium Oleate for paints, rubber, and industrial coatings. Inquire for bulk pri...",Looking for high-quality Sodium Oleate? Santosh Polymers is a leading manufacturer & supplier in India. Enquire today for bulk pricing & specs!,"Sodium Oleate, Sodium Oleate manufacturer, Sodium Oleate supplier, buy Sodium Oleate in bulk, Sodium Oleate price India, Santosh Polymers, Haryana, Kurukshetra, Ladwa","Sodium Oleate is the sodium salt of oleic acid, widely utilized as an industrial emulsifier, waterproofing agent, and foaming helper.","High solubility in water and alcohol.
Excellent foaming properties and soap builder.
Outstanding wetting agent for industrial applications.
High water solubility and excellent detergent properties.","Emulsifier in cosmetics, lubricating helper in metal drawing, waterproofing additive in concrete, and surfactant in soaps.","Business Type: Manufacturer, Supplier, Trader
Form: Powder
Country of Origin: India
Purity: 99%","Grade: Lab Grade
Chemical Formula: C18H33NaO2
Molecular Weight: 304.50 g/mol"
Sodium Stearate,sodium-stearate.htm,Oleo Chemicals,Sodium Stearate Manufacturer & Supplier India | Santosh Polymers,Sodium Stearate Manufacturer & Supplier | Santosh Polymers,"Leading sodium stearate manufacturer India in Kurukshetra, Haryana. High-purity Sodium Stearate for paints, rubber, and industrial coatings. Inquire for bulk...",Looking for high-quality Sodium Stearate? Santosh Polymers is a leading manufacturer & supplier in India. Enquire today for bulk pricing & specs!,"Sodium Stearate, Sodium Stearate manufacturer, Sodium Stearate supplier, buy Sodium Stearate in bulk, Sodium Stearate price India, Santosh Polymers, Haryana, Kurukshetra, Ladwa","Sodium Stearate is a high-quality sodium salt of stearic acid, acting as a structural base, binder, and gelling agent in personal care formulations.","Strong gelling agent for structured stick forms.
Excellent structural builder and hardening agent.
High purity white powder with consistent melting range.
Strong gelling agent, forming transparent and rigid solid gels.","Base for deodorant sticks, gelling agent for personal care products, lubricant in plastics, and emulsifier in cosmetics.","Business Type: Manufacturer, Supplier, Trader
Physical State: Powder
Country of Origin: India
Grade: Industrial Grade","Color: White
Purity %: >99%"
Tall Oil Fatty Acid,tall-oil-fatty-acid.htm,Oleo Chemicals,Tall Oil Fatty Acid Manufacturer India | Santosh Polymers,Tall Oil Fatty Acid Manufacturer | Santosh Polymers,"Leading tall oil fatty acid manufacturer in Kurukshetra, Haryana. High-purity Tall Oil Fatty Acid for paints, rubber, and industrial coatings. Inquire for bu...",Looking for high-quality Tall Oil Fatty Acid? Santosh Polymers is a leading manufacturer & supplier in India. Enquire today for bulk pricing & specs!,"Tall Oil Fatty Acid, Tall Oil Fatty Acid manufacturer, Tall Oil Fatty Acid supplier, buy Tall Oil Fatty Acid in bulk, Tall Oil Fatty Acid price India, Santosh Polymers, Haryana, Kurukshetra, Ladwa","Tall Oil Fatty Acid (TOFA) is a low-titer fatty acid derived from the distillation of tall oil, offering high oleic and linoleic acid content.","Light color and outstanding color stability.
High fatty acid content and low rosin content.
Excellent drying properties in coatings and resins.
High fatty acid purity with low rosin content (<2%).","Manufacturing of alkyd resins for paints, dimerization to dimer acids, lubricant additives, and oilfield chemicals.","Business Type: Manufacturer, Supplier, Trader
Appearance: Viscous Yellow-black Odorous Liquid
Packaging Type: Drum
Grade: Technical","Form: Liquid
Chemical Formula: C18H34O2
CAS Number: 61790-12-3
Boiling Point: 300 DegreeC"
Terpineol Essential Oil,terpineol-essential-oil.htm,Oleo Chemicals,Terpineol Essential Oil Manufacturer India | Santosh Polymers,Terpineol Essential Oil Manufacturer | Santosh Polymers,"Leading terpineol essential oil manufacturer in Kurukshetra, Haryana. High-purity Terpineol Essential Oil for paints, rubber, and industrial coatings. Inquir...",Looking for high-quality Terpineol Essential Oil? Santosh Polymers is a leading manufacturer & supplier in India. Enquire today for bulk pricing & specs!,"Terpineol Essential Oil, Terpineol Essential Oil manufacturer, Terpineol Essential Oil supplier, buy Terpineol Essential Oil in bulk, Terpineol Essential Oil price India, Santosh Polymers, Haryana, Kurukshetra, Ladwa","Terpineol is a natural monoterpene alcohol essential oil, possessing a pleasant lilac-like odor and outstanding solvent properties.","High purity essential oil derivative.
Pleasant floral lilac fragrance.
Strong disinfectant and solvent capacity.
High purity monoterpene alcohol with excellent odor quality.","Disinfectants and household cleaners, fragrance in soaps and perfumes, solvent in electronics ink, and chemical synthesis.","Business Type: Manufacturer, Supplier, Trader
Type: Essential Oil
Material: Terpineol
Color: Pale Yellow","Packaging: Glass Bottle
Usage: Aromatherapy, Fragrance, And Cosmetic Products
Scent: Fresh, Piney, Lilac-like
Consistency: Thin
Extraction Method: Steam Distillation"
Zinc Ricinoleate,zinc-ricinoleate.htm,Oleo Chemicals,Zinc Ricinoleate Manufacturer & Supplier India | Santosh Polymers,Zinc Ricinoleate Manufacturer & Supplier | Santosh Polymers,"Leading zinc ricinoleate manufacturer India in Kurukshetra, Haryana. High-purity Zinc Ricinoleate for paints, rubber, and industrial coatings. Inquire for bu...",Looking for high-quality Zinc Ricinoleate? Santosh Polymers is a leading manufacturer & supplier in India. Enquire today for bulk pricing & specs!,"Zinc Ricinoleate, Zinc Ricinoleate manufacturer, Zinc Ricinoleate supplier, buy Zinc Ricinoleate in bulk, Zinc Ricinoleate price India, Santosh Polymers, Haryana, Kurukshetra, Ladwa","Zinc Ricinoleate is the zinc salt of ricinoleic acid, acting as a highly effective natural odor absorber and stabilizer.","Chemical odor neutralization (does not mask odors but binds them).
Completely safe and eco-friendly compound.
Excellent stabilizer in cosmetic emulsions.
Chemical neutralizes bad odors (nitrogen/sulfur based) instead of masking.","Deodorants and personal care formulations, odor-control spray manufacturing, and chemical odor absorbers.","Business Type: Manufacturer, Supplier, Trader
CAS No: 13040-19-2
Formula: C36 H66 O6Zn
Description: White To Off White Free Flowing Powder","Ph @ 1% Solution: 6-7.5
Zinc Content: 9.2 - 10.6"
Zinc Stearate,zinc-stearate.htm,Oleo Chemicals,Zinc Stearate Manufacturer & Supplier India | Santosh Polymers,Zinc Stearate Manufacturer & Supplier | Santosh Polymers,"Leading zinc stearate manufacturer India in Kurukshetra, Haryana. High-purity Zinc Stearate for paints, rubber, and industrial coatings. Inquire for bulk pri...",Looking for high-quality Zinc Stearate? Santosh Polymers is a leading manufacturer & supplier in India. Enquire today for bulk pricing & specs!,"Zinc Stearate, Zinc Stearate manufacturer, Zinc Stearate supplier, buy Zinc Stearate in bulk, Zinc Stearate price India, Santosh Polymers, Haryana, Kurukshetra, Ladwa","Zinc Stearate is a high-quality zinc soap, widely used as a release agent, lubricant, and matting agent in polymers and coatings.","Excellent water repellency and non-stick powder form.
Outstanding release properties for molded polymers and rubber.
High transparency in plastics, ensuring polymer clarity.
Improves surface smoothness in wood coatings.
Outstanding release agent for molded rubber, polyurethane, and plastics.","Internal lubricant in plastics (PE, PS, PVC), sanding sealers in wood coatings, release agent in rubber vulcanization, and dusting powder for rubber sheets.","Business Type: Manufacturer, Supplier, Trader
Grade Standard: Industrial Grade
Country of Origin: India
Form: Powder","Color: White
Purity %: 99%
CAS No: 0557-05-01
Usage/Application: Plastic Industry"
Gum Rosin (Colophony),gum-rosin.htm,Oleo Chemicals,Gum Rosin (Colophony) Manufacturer India | Santosh Polymers,Gum Rosin (Colophony) Manufacturer | Santosh Polymers,"Leading gum rosin manufacturer India in Kurukshetra, Haryana. High-purity Gum Rosin for paints, rubber, and industrial coatings. Inquire for bulk pricing.",Looking for high-quality Gum Rosin (Colophony)? Santosh Polymers is a leading manufacturer & supplier in India. Enquire today for bulk pricing & specs!,"Gum Rosin (Colophony), Gum Rosin (Colophony) manufacturer, Gum Rosin (Colophony) supplier, buy Gum Rosin (Colophony) in bulk, Gum Rosin (Colophony) price India, Santosh Polymers, Haryana, Kurukshetra, Ladwa","Gum Rosin (Colophony) is a natural, solid resin obtained from the oleoresin of pine trees, offering excellent adhesive, binding, and film-forming properties.","Natural origin derived from pine tree oleoresin.
Excellent tackifier and binder for adhesives and sealants.
Superior film-forming and emulsifying characteristics.
High acid value for reactive derivative manufacturing.
Good solubility in organic solvents and oils.","Adhesives, varnishes, printing inks, paper sizing, rubber compounding, soldering fluxes, and soap manufacturing.","Business Type: Manufacturer, Supplier, Trader
CAS No: 8050-09-7
Form: Solid Brittle Lumps
Color: Yellow to Amber","Acid Value: 155-180 mg KOH/g
Softening Point: 70-80 °C
Saponification Value: 160 min
Ash Content: Max 0.5%
Volatile Matter: Max 2.0%"
Pine Oil Industrial,pine-oil-industrial.htm,Oleo Chemicals,Pine Oil Industrial Manufacturer India | Santosh Polymers,Pine Oil Industrial Manufacturer | Santosh Polymers,"Leading pine oil industrial manufacturer in Kurukshetra, Haryana. High-purity Pine Oil Industrial for paints, rubber, and industrial coatings. Inquire for bu...",Looking for high-quality Pine Oil Industrial? Santosh Polymers is a leading manufacturer & supplier in India. Enquire today for bulk pricing & specs!,"Pine Oil Industrial, Pine Oil Industrial manufacturer, Pine Oil Industrial supplier, buy Pine Oil Industrial in bulk, Pine Oil Industrial price India, Santosh Polymers, Haryana, Kurukshetra, Ladwa","Pine Oil is a natural essential oil extracted from pine tree resins and needles, valued for its strong antimicrobial action, solvency, and fresh pine aroma.","Natural plant-based solvent and emulsifier.
Powerful antimicrobial and disinfectant properties.
Excellent grease-cutting and cleaning performance.
Pleasant fresh pine fragrance for consumer products.
Biodegradable and eco-friendly alternative to synthetic solvents.","Household cleaners, industrial disinfectants, paint solvents, fragrance formulations, and textile processing.","Business Type: Manufacturer, Supplier, Trader
CAS No: 8002-09-3
Form: Clear to Pale Yellow Liquid
Odor: Fresh, Piney","Specific Gravity at 27°C: 0.855-0.935
Refractive Index at 20°C: 1.470-1.490
Total Terpene Alcohols: Min 85%
Moisture: Max 1.0%
Flash Point: >102 °C"
Ricinoleic Acid,ricinoleic-acid.htm,Oleo Chemicals,Ricinoleic Acid Manufacturer & Supplier India | Santosh Polymers,Ricinoleic Acid Manufacturer & Supplier | Santosh Polymers,"Leading ricinoleic acid manufacturer India in Kurukshetra, Haryana. High-purity Ricinoleic Acid for paints, rubber, and industrial coatings. Inquire for bulk...",Looking for high-quality Ricinoleic Acid? Santosh Polymers is a leading manufacturer & supplier in India. Enquire today for bulk pricing & specs!,"Ricinoleic Acid, Ricinoleic Acid manufacturer, Ricinoleic Acid supplier, buy Ricinoleic Acid in bulk, Ricinoleic Acid price India, Santosh Polymers, Haryana, Kurukshetra, Ladwa","Ricinoleic Acid (12-hydroxy-9-octadecenoic acid) is a unique hydroxy fatty acid derived from castor oil, valued for its dual hydroxyl and unsaturated functionality.","Contains both hydroxyl group and double bond for high reactivity.
Excellent lubricity and surface-active properties.
Bio-based renewable alternative to petroleum intermediates.
High purity with consistent batch quality.
Versatile building block for specialty chemical synthesis.","Lubricant additives, cosmetic emulsions, zinc ricinoleate production, alkyd resins, and specialty chemical intermediates.","Business Type: Manufacturer, Supplier, Trader
CAS No: 141-22-0
Form: Clear to Pale Yellow Viscous Liquid
Purity: Min 89%","Acid Value: 175-185 mg KOH/g
Hydroxyl Value: 150-165 mg KOH/g
Iodine Value: 80-92 g I2/100g
Saponification Value: 179-190 mg KOH/g
Specific Gravity at 25°C: 0.940-0.950"
Monobasic Fatty Acid,monobasic-fatty-acid.htm,Oleo Chemicals,Monobasic Fatty Acid Manufacturer India | Santosh Polymers,Monobasic Fatty Acid Manufacturer | Santosh Polymers,"Leading monobasic fatty acid manufacturer in Kurukshetra, Haryana. High-purity Monobasic Fatty Acid for paints, rubber, and industrial coatings. Inquire for ...",Looking for high-quality Monobasic Fatty Acid? Santosh Polymers is a leading manufacturer & supplier in India. Enquire today for bulk pricing & specs!,"Monobasic Fatty Acid, Monobasic Fatty Acid manufacturer, Monobasic Fatty Acid supplier, buy Monobasic Fatty Acid in bulk, Monobasic Fatty Acid price India, Santosh Polymers, Haryana, Kurukshetra, Ladwa","Monobasic Fatty Acid is a high-concentration fatty acid mixture obtained from vegetable oil refining, serving as a cost-effective feedstock for industrial chemical processes.","High total fatty matter content for efficient reactions.
Cost-effective raw material for soap and detergent manufacturing.
Consistent composition for reliable processing.
Natural vegetable-based renewable feedstock.
Versatile intermediate for multiple downstream applications.","Soap manufacturing, animal feed formulations, biodiesel production, rubber compounding, and chemical intermediate synthesis.","Business Type: Manufacturer, Supplier, Trader
Form: Liquid
Color: Dark Brown
Grade: Industrial Grade","Total Fatty Matter: Min 98%
Free Fatty Acids: Min 50%
Moisture: Max 1.0%
Saponification Value: 190-205 mg KOH/g"
Soya Fatty Acid (Soya Fatty Eco),soya-fatty-acid-eco.htm,Oleo Chemicals,Soya Fatty Acid (Soya Fatty Eco) Manufacturer India | Santosh Polymers,Soya Fatty Acid (Soya Fatty Eco) Supplier | Santosh Polymers,"Leading soya fatty acid manufacturer India in Kurukshetra, Haryana. High-purity Soya Fatty Acid for paints, rubber, and industrial coatings. Inquire for bulk...",Looking for high-quality Soya Fatty Acid (Soya Fatty Eco)? Santosh Polymers is India's leading manufacturer & supplier. Enquire for bulk pricing!,"Soya Fatty Acid (Soya Fatty Eco), Soya Fatty Acid (Soya Fatty Eco) manufacturer, Soya Fatty Acid (Soya Fatty Eco) supplier, buy Soya Fatty Acid (Soya Fatty Eco) in bulk, Soya Fatty Acid (Soya Fatty Eco) price India, Santosh Polymers, Haryana, Kurukshetra, Ladwa","Soya Fatty Acid is a high-unsaturated fatty acid mixture derived from soybean oil, rich in linoleic and oleic acids, offering excellent drying and reactivity properties.","High iodine value for excellent drying performance.
Low titer value remaining liquid at lower temperatures.
Environmentally friendly bio-based raw material.
High purity with minimal unsaponifiable content.
Consistent fatty acid profile for reliable industrial processing.","Alkyd resin production, paint and coating manufacturing, soap and detergent industry, lubricants, and textile finishing.","Business Type: Manufacturer, Supplier, Trader
Form: Liquid
Color: Brownish Yellow
Purity: 99%","Acid Value: 195-205 mg KOH/g
Iodine Value: 120-135 g I2/100g
Saponification Value: 196-210 mg KOH/g
Titre Point: 15-24 °C
Moisture: Max 0.2%"
Turmeric Essential Oil,turmeric-essential-oil.htm,Herbal Extracts,Turmeric Essential Oil Manufacturer India | Santosh Polymers,Turmeric Essential Oil Manufacturer | Santosh Polymers,"Pure turmeric essential oil manufacturer in Kurukshetra, Haryana. Premium organic Turmeric Essential Oil for cosmetics & pharma. Inquire for custom bulk pack...","Get pure, high-grade Turmeric Essential Oil from Santosh Polymers, India's leading manufacturer & exporter of herbal extracts. Contact us for bulk pricing!","Turmeric Essential Oil, Turmeric Essential Oil manufacturer, Turmeric Essential Oil supplier, buy Turmeric Essential Oil in bulk, Turmeric Essential Oil price India, Santosh Polymers, Haryana, Kurukshetra, Ladwa","Turmeric Essential Oil is extracted from turmeric rhizomes, rich in ar-turmerone and turmerone compounds, offering excellent therapeutic and antimicrobial qualities.","100% natural, pure, and steam-distilled essential oil.
High turmerone and ar-turmerone content (anti-inflammatory).
Distinctive warm, spicy, and earthy aroma.
100% pure, natural, and steam-distilled essential oil.","Aromatherapy, skincare formulations, natural antiseptic creams, and fragrance in soaps.","Business Type: Manufacturer, Supplier, Trader
Type: Essential Oil
Material: Turmeric
Color: Yellow","Packaging Type: Glass Bottle
Application: Aromatherapy, Skincare
Scent: Earthy, Spicy
Organic: Yes
Origin: India"
Turmeric Extract,turmeric-extract.htm,Herbal Extracts,Turmeric Extract Manufacturer & Supplier India | Santosh Polymers,Turmeric Extract Manufacturer & Supplier | Santosh Polymers,"Pure turmeric extract manufacturer India in Kurukshetra, Haryana. Premium organic Turmeric Extract for cosmetics & pharma. Inquire for custom bulk packaging.","Get pure, high-grade Turmeric Extract from Santosh Polymers, India's leading manufacturer & exporter of herbal extracts. Contact us for bulk pricing!","Turmeric Extract, Turmeric Extract manufacturer, Turmeric Extract supplier, buy Turmeric Extract in bulk, Turmeric Extract price India, Santosh Polymers, Haryana, Kurukshetra, Ladwa","Standardized turmeric extract containing high concentrations of curcuminoids, known for outstanding antioxidant and coloring characteristics.","Standardized curcumin content (up to 95%).
Natural vibrant yellow pigment.
High antioxidant and anti-inflammatory value.
Standardized curcuminoid content (up to 95%) for maximum potency.","Herbal supplements, natural food coloring, cosmetics, and functional health products.","Business Type: Manufacturer, Supplier, Trader
Form: Powder
Color: Yellow
Country of Origin: India","Benefits: Anti-inflammatory Properties
Storage: Cool, Dry Place"
Turmeric Oleoresin,turmeric-oleoresin.htm,Herbal Extracts,Turmeric Oleoresin Manufacturer India | Santosh Polymers,Turmeric Oleoresin Manufacturer | Santosh Polymers,"Pure turmeric oleoresin manufacturer in Kurukshetra, Haryana. Premium organic Turmeric Oleoresin for cosmetics & pharma. Inquire for custom bulk packaging.","Get pure, high-grade Turmeric Oleoresin from Santosh Polymers, India's leading manufacturer & exporter of herbal extracts. Contact us for bulk pricing!","Turmeric Oleoresin, Turmeric Oleoresin manufacturer, Turmeric Oleoresin supplier, buy Turmeric Oleoresin in bulk, Turmeric Oleoresin price India, Santosh Polymers, Haryana, Kurukshetra, Ladwa",Turmeric Oleoresin is a natural concentrate of turmeric extract containing active curcuminoids and essential volatile oils.,"Strong flavor and coloring capacity in low concentrations.
Natural preservative and antimicrobial qualities.
Consistent active profile of curcumin and turmeric oils.
Highly concentrated flavor and coloring profile.","Food seasoning, snacks flavoring, pickles and sauces flavorings, and functional health supplements.","Business Type: Manufacturer, Supplier, Trader
Country of Origin: India
Feature: Natural Taste, Non Harmful
Application: Herbal Products","Form: Finger
Color: Light Yellow
Cultivation Type: Natural"
Akd Wax Emulsion,akd-wax-emulsion.htm,Paper Chemicals,Akd Wax Emulsion Manufacturer & Supplier India | Santosh Polymers,Akd Wax Emulsion Manufacturer & Supplier | Santosh Polymers,"Premium akd wax emulsion manufacturer in Ladwa, Haryana. High-efficiency Akd Wax Emulsion to optimize paper sizing & strength. Contact us for wholesale quotes.",Enhance production with premium Akd Wax Emulsion. Santosh Polymers is India's trusted manufacturer of paper sizing chemicals. Request a quote today!,"Akd Wax Emulsion, Akd Wax Emulsion manufacturer, Akd Wax Emulsion supplier, buy Akd Wax Emulsion in bulk, Akd Wax Emulsion price India, Santosh Polymers, Haryana, Kurukshetra, Ladwa","Alkyl Ketene Dimer (AKD) Wax Emulsion is a high-performance, reactive neutral sizing agent engineered for the paper and paperboard industry. It chemically reacts with the hydroxyl groups of cellulose fibers to form a covalent bond, imparting excellent resistance against water, ink, and acidic liquid penetration. It operates in neutral-to-alkaline pH ranges, helping preserve paper strength and prevent aging.","Chemically bonds with cellulose fibers for superior sizing stability.
Significantly improves paper surface strength and sizing value (Cobb value).
Enhances surface smoothness, brightness, and high-fidelity printability.
Operates in alkaline/neutral papermaking environments, preventing fiber degradation.
Reduces dusting and fluffing during high-speed cutting and printing.","Sizing agent in writing paper, printing paper, photocopy paper, and paperboard manufacturing.","Business Type: Manufacturer, Supplier, Trader
Type: Wax Emulsion
Material: Alkyl Ketene Dimer (AKD)
Color: White","Packaging: Plastic Container
Application: Used In Papermaking As A Sizing Agent
Storage: Store In A Cool, Dry Place
Shelf Life: 1 Year
Safety Information: Avoid Contact With Eyes And Skin. Use Appropriate Protective Equipment."
Defoamer,defoamer.htm,Paper Chemicals,Defoamer Manufacturer & Supplier India | Santosh Polymers,Defoamer Manufacturer & Supplier | Santosh Polymers,"Premium process defoamer manufacturer India in Ladwa, Haryana. High-efficiency Defoamer to optimize paper sizing & strength. Contact us for wholesale quotes.",Enhance production with premium Defoamer. Santosh Polymers is India's trusted manufacturer of paper sizing chemicals. Request a quote today!,"Defoamer, Defoamer manufacturer, Defoamer supplier, buy Defoamer in bulk, Defoamer price India, Santosh Polymers, Haryana, Kurukshetra, Ladwa",Highly active industrial defoamer and anti-foaming agent designed to control and eliminate foam in aqueous processing systems.,"Rapid foam knockdown and long-lasting foam prevention.
Stable and active in a wide range of pH and temperature conditions.
Disperses easily in water and processing liquids.
Improves industrial process efficiency and fluid flow rates.
Excellent chemical stability in highly alkaline or acidic aqueous systems.","Foam control in pulp and paper mills, industrial wastewater treatment plants, textile dyeing, and chemical manufacturing.","Business Type: Manufacturer, Supplier, Trader
Application: Industrial Applications
Type: Liquid
Color: Clear","Storage: Cool, Dry Place"
DSR Dry Strength Resin,dsr-dry-strength-resin.htm,Paper Chemicals,DSR Dry Strength Resin Manufacturer India | Santosh Polymers,DSR Dry Strength Resin Manufacturer | Santosh Polymers,"Premium dry strength resin manufacturer in Ladwa, Haryana. High-efficiency DSR Dry Strength Resin to optimize paper sizing & strength. Contact us for wholesa...",Enhance production with premium DSR Dry Strength Resin. Santosh Polymers is India's trusted manufacturer of paper sizing chemicals. Request a quote today!,"DSR Dry Strength Resin, DSR Dry Strength Resin manufacturer, DSR Dry Strength Resin supplier, buy DSR Dry Strength Resin in bulk, DSR Dry Strength Resin price India, Santosh Polymers, Haryana, Kurukshetra, Ladwa","Dry Strength Resin (DSR) is a specialty paper chemical designed to increase the dry strength, tensile strength, and burst strength of paper sheets.","Significantly increases sheet strength per unit bond.
Improves retention of fillers, starch, and fines.
Works effectively across a wide pH range (neutral to acidic).
Enhances water drainage and paper machine run speed.
Significantly increases tensile strength, bursting strength, and RCT values.","Strength additive in kraft paper, writing paper, duplex board, and corrugated paper manufacturing.","Business Type: Manufacturer, Supplier, Trader
Type: Resin
Material: Polymer
Packaging Type: Drums","Application: Improves Paper Strength
Compatibility: Suitable For Various Paper Grades
Storage: Store In A Cool, Dry Place
Shelf Life: 1 Year
Safety Information: Handle With Care, Wear Appropriate PPE"
Violet Ink,violet-ink.htm,Paper Chemicals,Violet Ink Manufacturer & Supplier India | Santosh Polymers,Violet Ink Manufacturer & Supplier | Santosh Polymers,"Premium violet ink manufacturer India in Ladwa, Haryana. High-efficiency Violet Ink to optimize paper sizing & strength. Contact us for wholesale quotes.",Enhance production with premium Violet Ink. Santosh Polymers is India's trusted manufacturer of paper sizing chemicals. Request a quote today!,"Violet Ink, Violet Ink manufacturer, Violet Ink supplier, buy Violet Ink in bulk, Violet Ink price India, Santosh Polymers, Haryana, Kurukshetra, Ladwa","High-performance industrial violet ink designed for branding, marking, and stamping of wooden packaging materials, crates, and sacks.","Vibrant, highly visible purple color.
Quick drying time on absorbent surfaces.
Weather, water, and UV fade resistant.
Excellent absorption on porous wooden and jute materials.
Vibrant, high-contrast violet color for clear packaging markings.","Stencil marking of jute bags, stamp marking of wooden shipping crates, and industrial packaging identification.","Business Type: Manufacturer, Supplier, Trader
Application: Printing
Packaging Type: Bottle
Form: Liquid","Color: Violet
Country of Origin: India"
Corrugated Packaging Boxes,corrugated-packaging-boxes.htm,Packaging Solutions,Corrugated Packaging Boxes Manufacturer India | Santosh Polymers,Corrugated Packaging Boxes Manufacturer | Santosh Polymers,Eco-friendly corrugated packaging boxes manufacturer in Haryana. Sustainable Corrugated Packaging Boxes for secure shipping & retail packaging. Request whole...,Durable and customized Corrugated Packaging Boxes by Santosh Polymers. Premium quality packaging solutions for industrial use. Request a free quote today!,"Corrugated Packaging Boxes, Corrugated Packaging Boxes manufacturer, Corrugated Packaging Boxes supplier, buy Corrugated Packaging Boxes in bulk, Corrugated Packaging Boxes price India, Santosh Polymers, Haryana, Kurukshetra, Ladwa","Industrial grade corrugated packaging boxes manufactured from high-strength kraft paper to provide exceptional durability, compression strength, and protection during transit.","Eco-friendly, biodegradable, and 100% recyclable.
High load-bearing capacity and puncture resistance.
Fully customizable sizes, printing designs, and thicknesses.
Excellent shock-absorbing structure to safeguard fragile goods.
High resistance to punctures, bursting, and vertical crushing loads.","Packaging and shipping of fruits, vegetables, food products, industrial goods, and e-commerce shipments.","Business Type: Manufacturer, Supplier, Trader
Type: Packaging Boxes
Material: Corrugated Cardboard
Color: Brown","Packaging: Bulk
Application: Shipping And Storage
Size: Various Sizes Available
Design: Plain
Durability: High
Recyclable: Yes"
Pulp Moulded Trays,pulp-moulded-trays.htm,Packaging Solutions,Pulp Moulded Trays Manufacturer India | Santosh Polymers,Pulp Moulded Trays Manufacturer | Santosh Polymers,Eco-friendly pulp moulded trays manufacturer in Haryana. Sustainable Pulp Moulded Trays for secure shipping & retail packaging. Request wholesale samples.,Durable and customized Pulp Moulded Trays by Santosh Polymers. Premium quality packaging solutions for industrial use. Request a free quote today!,"Pulp Moulded Trays, Pulp Moulded Trays manufacturer, Pulp Moulded Trays supplier, buy Pulp Moulded Trays in bulk, Pulp Moulded Trays price India, Santosh Polymers, Haryana, Kurukshetra, Ladwa","Eco-friendly molded fiber trays manufactured from 100% recycled paper pulp, offering exceptional shock absorption and breathable containment for agricultural produce.","100% biodegradable, compostable, and eco-friendly.
High shock absorption to prevent bruising of fruit and eggs.
Space-saving nested design for easy storage and handling.
Breathable fiber structure prevents moisture accumulation and rot.
100% biodegradable, compostable, and plastic-free packaging.","Packaging and transport of eggs, apples, melons, avocados, and protective packaging inserts for electronics.","Business Type: Manufacturer, Supplier, Trader
Type: Trays
Material: Pulp
Color: Brown","Packaging Type: Bulk
Application: Storage And Transportation
Size: Various Sizes Available"
